first_name,last_name,email,mobile,avatar,username,password,admin
Beverly,Gray,bgray0@rediff.com,66-(524)991-6913,https://robohash.org/animiteneturvoluptates.bmp?size=130x130&set=set1,bgray0,aZt1seqw,false
Jacqueline,Cox,jcox1@auda.org.au,7-(178)716-5183,https://robohash.org/inveritatisrerum.jpg?size=130x130&set=set1,jcox1,LNMhUDm,false
Aaron,Davis,adavis2@typepad.com,255-(111)153-1218,https://robohash.org/quaeratsuscipitullam.jpg?size=130x130&set=set1,adavis2,E8lJbn2QhxpK,false
Wanda,Thomas,wthomas3@nba.com,86-(354)376-5866,https://robohash.org/laudantiumquiaqui.bmp?size=130x130&set=set1,wthomas3,rTzyDgVctIrg,false
Helen,Sanders,hsanders4@youtube.com,86-(309)593-7282,https://robohash.org/minimaquibusdammolestias.bmp?size=130x130&set=set1,hsanders4,aHf2DZkRRo,false
Amy,Gutierrez,agutierrez5@boston.com,62-(590)438-7943,https://robohash.org/quioptiosunt.jpg?size=130x130&set=set1,agutierrez5,AeY44IcDm3QK,false
Jeffrey,Butler,jbutler6@gov.uk,86-(692)108-1212,https://robohash.org/oditimpeditquos.png?size=130x130&set=set1,jbutler6,AV1DKj,false
Billy,Knight,bknight7@wikipedia.org,86-(119)375-0099,https://robohash.org/esttemporibusqui.bmp?size=130x130&set=set1,bknight7,yJ5nMbG,false
Donald,Alvarez,dalvarez8@goo.ne.jp,62-(194)255-9016,https://robohash.org/inrationelaudantium.jpg?size=130x130&set=set1,dalvarez8,kj7k0hJ,true
Lisa,Bradley,lbradley9@reverbnation.com,62-(389)546-1134,https://robohash.org/quimollitiaipsa.png?size=130x130&set=set1,lbradley9,kUW4RJVRTw,false
Theresa,Rose,trosea@twitpic.com,62-(162)227-2357,https://robohash.org/etfugitullam.jpg?size=130x130&set=set1,trosea,R7ge91,false
David,Daniels,ddanielsb@usatoday.com,420-(427)405-2271,https://robohash.org/extemporibusratione.jpg?size=130x130&set=set1,ddanielsb,fgtBXy,true
Jeremy,Kelly,jkellyc@cdbaby.com,86-(792)826-2507,https://robohash.org/oditveleveniet.png?size=130x130&set=set1,jkellyc,lzHddQl,false
Shirley,Graham,sgrahamd@163.com,357-(762)308-4837,https://robohash.org/etutmaxime.bmp?size=130x130&set=set1,sgrahamd,8rTSnye,false
Judith,Gordon,jgordone@google.de,358-(429)837-6682,https://robohash.org/quieosperspiciatis.jpg?size=130x130&set=set1,jgordone,yRPrejke,false
Randy,Morgan,rmorganf@google.de,98-(403)774-8767,https://robohash.org/cumquealiquamnihil.bmp?size=130x130&set=set1,rmorganf,eKLTwECVT,true
Brian,Fowler,bfowlerg@engadget.com,86-(157)521-7948,https://robohash.org/eosatqueperferendis.jpg?size=130x130&set=set1,bfowlerg,f63TX9rKcnLY,false
Kathleen,Black,kblackh@technorati.com,46-(579)810-3378,https://robohash.org/aliquiddoloremqueaspernatur.bmp?size=130x130&set=set1,kblackh,BCroySei1sGG,false
Theresa,Kennedy,tkennedyi@blogspot.com,1-(313)162-4790,https://robohash.org/omnisconsequaturiusto.bmp?size=130x130&set=set1,tkennedyi,JTYLzfKaU,false
Norma,Rodriguez,nrodriguezj@typepad.com,7-(990)319-4401,https://robohash.org/quidoloresnumquam.png?size=130x130&set=set1,nrodriguezj,J4ahviS9TGL,true
Phillip,Bennett,pbennettk@cbc.ca,1-(512)483-5480,https://robohash.org/reprehenderitsuscipitquasi.bmp?size=130x130&set=set1,pbennettk,1C0MbS,false
Donna,Palmer,dpalmerl@spiegel.de,98-(511)858-4949,https://robohash.org/quisquamametcumque.bmp?size=130x130&set=set1,dpalmerl,9Rqe1wTfi,false
Shawn,Moreno,smorenom@nymag.com,7-(534)598-8815,https://robohash.org/praesentiumveritatisnon.jpg?size=130x130&set=set1,smorenom,QgN74JEMX,true
Lillian,Holmes,lholmesn@ucoz.com,62-(246)423-1095,https://robohash.org/explicaboomnisquos.bmp?size=130x130&set=set1,lholmesn,Yk3jFzsvg,true
Lois,Tucker,ltuckero@issuu.com,81-(871)917-2550,https://robohash.org/necessitatibusquosed.png?size=130x130&set=set1,ltuckero,KcaBKMbQuc,false
Louis,Gonzales,lgonzalesp@economist.com,46-(502)741-4756,https://robohash.org/deserunteligendiid.jpg?size=130x130&set=set1,lgonzalesp,2ZR1G7Xcs2x,false
Henry,Olson,holsonq@msu.edu,7-(804)293-1300,https://robohash.org/reprehenderitdignissimosducimus.bmp?size=130x130&set=set1,holsonq,wLu65NGQdZ,false
Anne,Rogers,arogersr@mac.com,63-(110)496-3518,https://robohash.org/quidolorumsint.jpg?size=130x130&set=set1,arogersr,t2CBVp,false
Sarah,Hansen,shansens@nba.com,47-(174)648-8857,https://robohash.org/utestest.jpg?size=130x130&set=set1,shansens,vozGRaW9dh,false
Matthew,Allen,mallent@ft.com,62-(769)668-9264,https://robohash.org/molestiasconsequunturmodi.bmp?size=130x130&set=set1,mallent,orOfLkwFHnlT,false
Angela,Lawrence,alawrenceu@ow.ly,351-(149)344-2028,https://robohash.org/veritatismollitiablanditiis.bmp?size=130x130&set=set1,alawrenceu,Swypfpem,false
Brenda,Harper,bharperv@fastcompany.com,86-(128)505-5722,https://robohash.org/nonestvoluptate.bmp?size=130x130&set=set1,bharperv,WC7Hdmaw,false
Frances,Howell,fhowellw@usa.gov,7-(603)973-7160,https://robohash.org/molestiaeeosprovident.jpg?size=130x130&set=set1,fhowellw,LfCR7YoFu0,false
Emily,Grant,egrantx@webs.com,46-(121)121-8523,https://robohash.org/oditperspiciatismagnam.jpg?size=130x130&set=set1,egrantx,dD5xUjp5sU0,false
Sara,Holmes,sholmesy@marketwatch.com,86-(455)372-1354,https://robohash.org/autsapienteest.png?size=130x130&set=set1,sholmesy,IJGGlq13lR3,true
Sara,Washington,swashingtonz@sogou.com,86-(452)356-2999,https://robohash.org/quisporrovero.png?size=130x130&set=set1,swashingtonz,87PwLyzxBeU,true
Melissa,Greene,mgreene10@dropbox.com,86-(280)797-1945,https://robohash.org/liberovoluptateid.png?size=130x130&set=set1,mgreene10,RKSXWF6iDwk,false
Steve,Warren,swarren11@ovh.net,86-(725)624-9275,https://robohash.org/corruptiautenim.jpg?size=130x130&set=set1,swarren11,JKg8PBVQfg,false
Harold,Richardson,hrichardson12@themeforest.net,372-(272)244-0147,https://robohash.org/distinctioetdolores.png?size=130x130&set=set1,hrichardson12,5wQtyya,false
Juan,Martin,jmartin13@cmu.edu,55-(289)258-2194,https://robohash.org/maioresporroet.bmp?size=130x130&set=set1,jmartin13,OD6cD6awqo,false
Maria,Tucker,mtucker14@people.com.cn,62-(187)573-3181,https://robohash.org/reiciendisdolorcum.jpg?size=130x130&set=set1,mtucker14,2iokHlR53,true
Amanda,Hall,ahall15@guardian.co.uk,63-(136)941-1535,https://robohash.org/odioperspiciatisaut.png?size=130x130&set=set1,ahall15,x1MZM4,true
Ruby,Flores,rflores16@sfgate.com,86-(682)976-0487,https://robohash.org/voluptassuscipitquo.png?size=130x130&set=set1,rflores16,z9zkiLI6,false
Rachel,Ramos,rramos17@wufoo.com,7-(684)590-1551,https://robohash.org/autsuscipitet.png?size=130x130&set=set1,rramos17,4ie3fxQWRnDp,false
Elizabeth,Moore,emoore18@themeforest.net,86-(790)352-1429,https://robohash.org/illumlaudantiumrepudiandae.bmp?size=130x130&set=set1,emoore18,KfRtDvchhrb,false
Carl,Romero,cromero19@php.net,420-(697)876-7413,https://robohash.org/consequatursuntest.png?size=130x130&set=set1,cromero19,GSFdBEY,true
Sandra,Kelly,skelly1a@chronoengine.com,54-(545)466-7907,https://robohash.org/saepeutquas.jpg?size=130x130&set=set1,skelly1a,1zW0h5U,false
Jean,Howard,jhoward1b@nytimes.com,58-(527)306-6388,https://robohash.org/voluptasquiaaut.png?size=130x130&set=set1,jhoward1b,YCcQ6UzPU,false
Jacqueline,Bennett,jbennett1c@mapy.cz,52-(663)346-0263,https://robohash.org/excepturinonesse.png?size=130x130&set=set1,jbennett1c,2kOAztqQTtcZ,false
Harry,Reyes,hreyes1d@bloomberg.com,251-(291)732-7642,https://robohash.org/aliasrerumreiciendis.jpg?size=130x130&set=set1,hreyes1d,da2LKhYtD,true
Johnny,Hart,jhart1e@ameblo.jp,52-(694)423-9540,https://robohash.org/siteoscorrupti.png?size=130x130&set=set1,jhart1e,yBzHkAOYz0w,true
Jean,Thomas,jthomas1f@dot.gov,375-(288)140-1253,https://robohash.org/sedquodaccusantium.png?size=130x130&set=set1,jthomas1f,KPzfCS1d,false
Julie,Hall,jhall1g@theguardian.com,7-(775)247-0491,https://robohash.org/errorsequidolorum.jpg?size=130x130&set=set1,jhall1g,5W10l53rkL,false
Karen,Boyd,kboyd1h@unblog.fr,351-(932)351-9029,https://robohash.org/autdoloreimpedit.png?size=130x130&set=set1,kboyd1h,DRv5Ug,true
Bobby,Cooper,bcooper1i@newsvine.com,63-(846)573-4453,https://robohash.org/repudiandaeverofugiat.png?size=130x130&set=set1,bcooper1i,RDddm8zy,false
Sharon,Pierce,spierce1j@alexa.com,62-(361)859-0276,https://robohash.org/enimetvoluptate.png?size=130x130&set=set1,spierce1j,ekC7C2g,true
Johnny,King,jking1k@facebook.com,351-(771)899-6238,https://robohash.org/utdolorequam.jpg?size=130x130&set=set1,jking1k,wRFBe0,true
Jennifer,Perez,jperez1l@networkadvertising.org,212-(404)743-9536,https://robohash.org/necessitatibusconsequaturrepellat.jpg?size=130x130&set=set1,jperez1l,h3WwTt2,false
Kathy,Shaw,kshaw1m@blogspot.com,420-(876)359-1577,https://robohash.org/estculpaitaque.bmp?size=130x130&set=set1,kshaw1m,aWAIEgn,true
Bonnie,James,bjames1n@ed.gov,54-(867)598-6860,https://robohash.org/evenietistevoluptates.png?size=130x130&set=set1,bjames1n,h6WZQ96OVM,true
Steve,Ellis,sellis1o@alexa.com,33-(183)744-6544,https://robohash.org/quoquilaboriosam.bmp?size=130x130&set=set1,sellis1o,HwB94rL,true
Deborah,Ortiz,dortiz1p@flickr.com,236-(985)200-0424,https://robohash.org/vitaeautid.png?size=130x130&set=set1,dortiz1p,lSFfGEo5O,false
Joan,Owens,jowens1q@nydailynews.com,7-(310)373-1110,https://robohash.org/praesentiumestrerum.bmp?size=130x130&set=set1,jowens1q,uL6KX3,false
Tina,Perez,tperez1r@hatena.ne.jp,62-(395)403-8731,https://robohash.org/cumquesaepequidem.jpg?size=130x130&set=set1,tperez1r,7UZMbaW0srPm,false
Julie,Davis,jdavis1s@t-online.de,86-(132)642-0747,https://robohash.org/adquiadolore.jpg?size=130x130&set=set1,jdavis1s,o6PcmyrwM0f,false
Lois,Thompson,lthompson1t@mit.edu,63-(422)220-5351,https://robohash.org/nesciuntnonsit.png?size=130x130&set=set1,lthompson1t,JDsCpxa,false
Arthur,Hansen,ahansen1u@so-net.ne.jp,351-(416)569-2622,https://robohash.org/pariaturetest.bmp?size=130x130&set=set1,ahansen1u,zMpN5trXkqph,true
Russell,Day,rday1v@free.fr,46-(145)459-0745,https://robohash.org/delenitivitaerepellat.jpg?size=130x130&set=set1,rday1v,dS562HedY,false
Kimberly,Mcdonald,kmcdonald1w@unicef.org,51-(697)886-6538,https://robohash.org/velitquoaut.jpg?size=130x130&set=set1,kmcdonald1w,mJfp8NfmEl,true
Mary,Baker,mbaker1x@wikipedia.org,998-(167)724-6064,https://robohash.org/doloribusipsumet.png?size=130x130&set=set1,mbaker1x,MsMd8uH5,true
Christina,Morales,cmorales1y@shareasale.com,970-(772)401-1835,https://robohash.org/nobismolestiaealias.png?size=130x130&set=set1,cmorales1y,rVNuKjw1C3b,true
Ronald,Rivera,rrivera1z@blogspot.com,57-(894)123-1476,https://robohash.org/rerumaliquidlibero.bmp?size=130x130&set=set1,rrivera1z,GEi9gJb3R0,true
Kimberly,Ryan,kryan20@disqus.com,591-(403)414-2450,https://robohash.org/temporibustotameum.png?size=130x130&set=set1,kryan20,0Cewx0HhwC,true
Beverly,Campbell,bcampbell21@cornell.edu,385-(166)907-8584,https://robohash.org/ipsavelitimpedit.bmp?size=130x130&set=set1,bcampbell21,x2nHsIU,true
Brian,Brooks,bbrooks22@slideshare.net,55-(666)659-8290,https://robohash.org/vitaeexcepturiaut.bmp?size=130x130&set=set1,bbrooks22,X56mVi4R7,true
Nicholas,Welch,nwelch23@qq.com,1-(355)381-4725,https://robohash.org/totamcupiditateet.bmp?size=130x130&set=set1,nwelch23,qUExPSAzm15,false
Diane,Wright,dwright24@studiopress.com,54-(535)306-1671,https://robohash.org/cupiditateutexcepturi.bmp?size=130x130&set=set1,dwright24,WrqeUbX,false
Joe,Chapman,jchapman25@csmonitor.com,86-(272)510-6947,https://robohash.org/estipsaeligendi.jpg?size=130x130&set=set1,jchapman25,Rj6SNR,true
Paula,Wallace,pwallace26@deliciousdays.com,374-(761)373-4611,https://robohash.org/cumquiaveniam.bmp?size=130x130&set=set1,pwallace26,iMrQ2XyZ4BM,true
Aaron,Hall,ahall27@auda.org.au,60-(357)402-1430,https://robohash.org/evenieterrorest.bmp?size=130x130&set=set1,ahall27,agcnjIz448UW,true
Christopher,Stone,cstone28@hubpages.com,357-(628)201-3354,https://robohash.org/asperioresomnisesse.bmp?size=130x130&set=set1,cstone28,jKcwUC6,true
Teresa,Gardner,tgardner29@trellian.com,46-(690)851-4601,https://robohash.org/repellatdoloremquesunt.jpg?size=130x130&set=set1,tgardner29,35ZCn2Ay7YSh,false
Marie,Fields,mfields2a@etsy.com,358-(370)557-8217,https://robohash.org/harumetest.png?size=130x130&set=set1,mfields2a,y6yMqu0,true
Jerry,Frazier,jfrazier2b@smugmug.com,81-(631)796-1248,https://robohash.org/rationedolorconsequatur.png?size=130x130&set=set1,jfrazier2b,GV5WZ9hBOutg,false
Todd,Hawkins,thawkins2c@delicious.com,7-(562)315-6546,https://robohash.org/exercitationempariaturmollitia.jpg?size=130x130&set=set1,thawkins2c,Hup7xJwpUnMw,false
Patrick,West,pwest2d@wordpress.org,420-(969)130-1643,https://robohash.org/errorvitaedolor.png?size=130x130&set=set1,pwest2d,IlYOlHf,true
James,Stanley,jstanley2e@1688.com,48-(303)184-0060,https://robohash.org/doloresexvoluptas.jpg?size=130x130&set=set1,jstanley2e,62yA7bQBBU,true
Brenda,Spencer,bspencer2f@huffingtonpost.com,62-(116)586-4180,https://robohash.org/quiarchitectoperspiciatis.png?size=130x130&set=set1,bspencer2f,w9drtIvke,true
Janice,Duncan,jduncan2g@mozilla.org,86-(731)225-7566,https://robohash.org/occaecatieiusut.bmp?size=130x130&set=set1,jduncan2g,DH97P1R,true
Susan,Richardson,srichardson2h@samsung.com,86-(508)589-5068,https://robohash.org/veniampariaturrecusandae.jpg?size=130x130&set=set1,srichardson2h,fMTlIo894hxV,false
Louis,Warren,lwarren2i@desdev.cn,7-(226)727-5201,https://robohash.org/molestiasquisquamnulla.jpg?size=130x130&set=set1,lwarren2i,mqzysd7hCP1c,true
Scott,Kelly,skelly2j@nih.gov,33-(974)335-0741,https://robohash.org/estiustoea.png?size=130x130&set=set1,skelly2j,ZikY44FeU3gF,false
Gregory,Bennett,gbennett2k@army.mil,54-(625)863-0564,https://robohash.org/reiciendisaest.bmp?size=130x130&set=set1,gbennett2k,gUTvOs,false
Ernest,Martinez,emartinez2l@google.it,62-(366)283-6725,https://robohash.org/estexfuga.jpg?size=130x130&set=set1,emartinez2l,bsOzRDdUa4,false
Shawn,Matthews,smatthews2m@walmart.com,385-(191)953-3586,https://robohash.org/corruptiremut.jpg?size=130x130&set=set1,smatthews2m,vYHH4JICiQ7,false
Albert,Lopez,alopez2n@newyorker.com,55-(803)646-8032,https://robohash.org/modiconsecteturharum.png?size=130x130&set=set1,alopez2n,AQeJy4ZI,false
James,Martinez,jmartinez2o@reddit.com,48-(348)815-4340,https://robohash.org/haruminnisi.jpg?size=130x130&set=set1,jmartinez2o,J1y8Jqv,true
William,Armstrong,warmstrong2p@whitehouse.gov,593-(111)592-2218,https://robohash.org/reprehenderitplaceatofficiis.png?size=130x130&set=set1,warmstrong2p,zbnLia58,false
Carlos,Collins,ccollins2q@ucla.edu,63-(251)769-4538,https://robohash.org/excepturireprehenderitcum.bmp?size=130x130&set=set1,ccollins2q,OfVJzrDODh,true
Jesse,Kim,jkim2r@google.com,57-(735)858-9058,https://robohash.org/inciduntautquasi.bmp?size=130x130&set=set1,jkim2r,QpV6sGjPoaDG,true
